"Farm","Field","Trt","Rep","Date.Sampled","Date.Processed","totdry","totdry_2","kgha","kgcha"
"FRF",1,"Graze","A","5/25/2017","8/10/2017",37.63,37.63,37630,16933.5
"FRF",1,"Graze","A","6/1/2017","7/5/2017",19.55,19.55,19550,8797.5
"FRF",1,"Graze","A","6/8/2017","7/5/2017",15.18,15.18,15180,6831
"FRF",1,"Graze","A","6/13/2017","7/5/2017",9.25,9.25,9250,4162.5
"FRF",1,"Graze","A","6/23/2017","7/5/2017",16.37,16.37,16370,7366.5
"FRF",1,"Graze","A","6/27/2017","7/5/2017",11.12,11.12,11120,5004
"FRF",1,"Graze","A","7/6/2017","1/8/2018",7.36,7.36,7360,3312
"FRF",1,"Graze","A","7/11/2017","1/8/2018",10.22,10.22,10220,4599
"FRF",1,"Graze","A","7/20/2017","1/8/2018",5.21,5.21,5210,2344.5
"FRF",1,"Graze","A","7/26/2017","1/8/2018",7.68,7.68,7680,3456
"FRF",1,"Graze","A","8/1/2017","1/8/2018",3.75,3.75,3750,1687.5
"FRF",1,"Graze","A","8/9/2017","1/8/2018",3.75,3.75,3750,1687.5
"FRF",1,"Graze","A","8/17/2017","1/8/2018",5.75,5.75,5750,2587.5
"FRF",1,"Graze","A","8/23/2017","1/9/2018",6.19,6.19,6190,2785.5
"FRF",1,"Graze","A","9/7/2017","1/9/2018",4.05,4.05,4050,1822.5
"FRF",1,"Graze","A","9/13/2017","1/9/2018",2.93,2.93,2930,1318.5
"FRF",1,"Graze","A","9/21/2017","",NA,2.565,2565,1154.25
"FRF",1,"Graze","A","10/6/2017","1/9/2018",2.2,2.2,2200,990
"FRF",1,"Graze","A","10/13/2017","1/9/2018",5.01,5.01,5010,2254.5
"FRF",1,"Graze","B","5/25/2017","8/10/2017",23.88,23.88,23880,10746
"FRF",1,"Graze","B","6/1/2017","7/5/2017",9.71,9.71,9710,4369.5
"FRF",1,"Graze","B","6/8/2017","7/5/2017",11.43,11.43,11430,5143.5
"FRF",1,"Graze","B","6/13/2017","7/5/2017",6.52,6.52,6520,2934
"FRF",1,"Graze","B","6/23/2017","7/5/2017",7.96,7.96,7960,3582
"FRF",1,"Graze","B","6/27/2017","7/5/2017",3.87,3.87,3870,1741.5
"FRF",1,"Graze","B","7/6/2017","1/8/2018",5.74,5.74,5740,2583
"FRF",1,"Graze","B","7/11/2017","1/8/2018",9.39,9.39,9390,4225.5
"FRF",1,"Graze","B","7/20/2017","1/8/2018",3.95,3.95,3950,1777.5
"FRF",1,"Graze","B","7/26/2017","1/8/2018",6.24,6.24,6240,2808
"FRF",1,"Graze","B","8/1/2017","1/8/2018",3.19,3.19,3190,1435.5
"FRF",1,"Graze","B","8/9/2017","1/8/2018",3.19,3.19,3190,1435.5
"FRF",1,"Graze","B","8/17/2017","1/8/2018",6.39,6.39,6390,2875.5
"FRF",1,"Graze","B","8/23/2017","1/9/2018",2.8,2.8,2800,1260
"FRF",1,"Graze","B","9/7/2017","1/9/2018",2.3,2.3,2300,1035
"FRF",1,"Graze","B","9/13/2017","1/9/2018",0.95,0.95,950,427.5
"FRF",1,"Graze","B","9/21/2017","",NA,3.545,3545,1595.25
"FRF",1,"Graze","B","10/6/2017","1/9/2018",6.14,6.14,6140,2763
"FRF",1,"Graze","B","10/13/2017","1/9/2018",3.02,3.02,3020,1359
"FRF",1,"Graze","C","5/25/2017","8/10/2017",22.73,22.73,22730,10228.5
"FRF",1,"Graze","C","6/1/2017","7/5/2017",4.95,4.95,4950,2227.5
"FRF",1,"Graze","C","6/8/2017","7/5/2017",7.83,7.83,7830,3523.5
"FRF",1,"Graze","C","6/13/2017","7/5/2017",5.15,5.15,5150,2317.5
"FRF",1,"Graze","C","6/23/2017","7/5/2017",3.65,3.65,3650,1642.5
"FRF",1,"Graze","C","6/27/2017","7/5/2017",1.52,1.52,1520,684
"FRF",1,"Graze","C","7/6/2017","1/8/2018",3.85,3.85,3850,1732.5
"FRF",1,"Graze","C","7/11/2017","1/8/2018",2.27,2.27,2270,1021.5
"FRF",1,"Graze","C","7/20/2017","1/8/2018",6.08,6.08,6080,2736
"FRF",1,"Graze","C","7/26/2017","1/8/2018",2.48,2.48,2480,1116
"FRF",1,"Graze","C","8/1/2017","1/8/2018",3.75,3.75,3750,1687.5
"FRF",1,"Graze","C","8/9/2017","1/8/2018",3.75,3.75,3750,1687.5
"FRF",1,"Graze","C","8/17/2017","1/8/2018",3.3,3.3,3300,1485
"FRF",1,"Graze","C","8/23/2017","1/9/2018",4.03,4.03,4030,1813.5
"FRF",1,"Graze","C","9/7/2017","1/9/2018",NA,2.505,2505,1127.25
"FRF",1,"Graze","C","9/13/2017","1/9/2018",0.98,0.98,980,441
"FRF",1,"Graze","C","9/21/2017","",NA,2.815,2815,1266.75
"FRF",1,"Graze","C","10/6/2017","1/9/2018",4.65,4.65,4650,2092.5
"FRF",1,"Graze","C","10/13/2017","1/9/2018",3.65,3.65,3650,1642.5
"FRF",2,"Graze","A","6/1/2017","7/5/2017",15.69,15.69,15690,7060.5
"FRF",2,"Graze","A","6/8/2017","7/5/2017",2.33,2.33,2330,1048.5
"FRF",2,"Graze","A","6/13/2017","7/5/2017",6.47,6.47,6470,2911.5
"FRF",2,"Graze","A","6/23/2017","7/5/2017",16.67,16.67,16670,7501.5
"FRF",2,"Graze","A","6/27/2017","1/8/2018",12.1,12.1,12100,5445
"FRF",2,"Graze","A","7/6/2017","1/8/2018",12.74,12.74,12740,5733
"FRF",2,"Graze","A","7/11/2017","1/8/2018",1.69,1.69,1690,760.5
"FRF",2,"Graze","A","7/20/2017","1/8/2018",4.8,4.8,4800,2160
"FRF",2,"Graze","A","7/26/2017","1/8/2018",1.3,1.3,1300,585
"FRF",2,"Graze","A","8/1/2017","1/8/2018",2.77,2.77,2770,1246.5
"FRF",2,"Graze","A","8/9/2017","1/8/2018",2.77,2.77,2770,1246.5
"FRF",2,"Graze","A","8/17/2017","1/8/2018",0.5,0.5,500,225
"FRF",2,"Graze","A","8/23/2017","1/9/2018",3.26,3.26,3260,1467
"FRF",2,"Graze","A","9/7/2017","1/9/2018",5.95,5.95,5950,2677.5
"FRF",2,"Graze","A","9/13/2017","1/9/2018",1.65,1.65,1650,742.5
"FRF",2,"Graze","A","9/21/2017","1/9/2018",NA,2.575,2575,1158.75
"FRF",2,"Graze","A","10/6/2017","1/9/2018",3.5,3.5,3500,1575
"FRF",2,"Graze","A","10/13/2017","1/9/2018",12.33,12.33,12330,5548.5
"FRF",2,"Graze","B","6/1/2017","7/5/2017",6.8,6.8,6800,3060
"FRF",2,"Graze","B","6/8/2017","7/5/2017",0.31,0.31,310,139.5
"FRF",2,"Graze","B","6/13/2017","7/5/2017",3.71,3.71,3710,1669.5
"FRF",2,"Graze","B","6/23/2017","7/5/2017",9.1,9.1,9100,4095
"FRF",2,"Graze","B","6/27/2017","1/8/2018",8.8,8.8,8800,3960
"FRF",2,"Graze","B","7/6/2017","1/8/2018",5.77,5.77,5770,2596.5
"FRF",2,"Graze","B","7/11/2017","1/8/2018",1.46,1.46,1460,657
"FRF",2,"Graze","B","7/20/2017","1/8/2018",7.13,7.13,7130,3208.5
"FRF",2,"Graze","B","7/26/2017","1/8/2018",3.01,3.01,3010,1354.5
"FRF",2,"Graze","B","8/1/2017","1/8/2018",1.52,1.52,1520,684
"FRF",2,"Graze","B","8/9/2017","1/8/2018",1.52,1.52,1520,684
"FRF",2,"Graze","B","8/17/2017","1/8/2018",0.96,0.96,960,432
"FRF",2,"Graze","B","8/23/2017","1/9/2018",2.17,2.17,2170,976.5
"FRF",2,"Graze","B","9/7/2017","1/9/2018",2.47,2.47,2470,1111.5
"FRF",2,"Graze","B","9/13/2017","1/9/2018",1.52,1.52,1520,684
"FRF",2,"Graze","B","9/21/2017","",NA,2.87,2870,1291.5
"FRF",2,"Graze","B","10/6/2017","1/9/2018",4.22,4.22,4220,1899
"FRF",2,"Graze","B","10/13/2017","1/9/2018",2.04,2.04,2040,918
"FRF",2,"Graze","C","6/1/2017","7/5/2017",28.72,28.72,28720,12924
"FRF",2,"Graze","C","6/8/2017","7/5/2017",8.28,8.28,8280,3726
"FRF",2,"Graze","C","6/13/2017","7/5/2017",10.41,10.41,10410,4684.5
"FRF",2,"Graze","C","6/23/2017","7/5/2017",13.06,13.06,13060,5877
"FRF",2,"Graze","C","6/27/2017","1/8/2018",6.23,6.23,6230,2803.5
"FRF",2,"Graze","C","7/6/2017","1/8/2018",14.7,14.7,14700,6615
"FRF",2,"Graze","C","7/11/2017","1/8/2018",7.42,7.42,7420,3339
"FRF",2,"Graze","C","7/20/2017","1/8/2018",1.48,1.48,1480,666
"FRF",2,"Graze","C","7/26/2017","1/8/2018",6.04,6.04,6040,2718
"FRF",2,"Graze","C","8/1/2017","1/8/2018",3.41,3.41,3410,1534.5
"FRF",2,"Graze","C","8/9/2017","1/8/2018",3.41,3.41,3410,1534.5
"FRF",2,"Graze","C","8/17/2017","1/8/2018",2.51,2.51,2510,1129.5
"FRF",2,"Graze","C","8/23/2017","1/9/2018",0.81,0.81,810,364.5
"FRF",2,"Graze","C","9/7/2017","1/9/2018",2.72,2.72,2720,1224
"FRF",2,"Graze","C","9/13/2017","1/9/2018",0.89,0.89,890,400.5
"FRF",2,"Graze","C","9/21/2017","1/9/2018",NA,1.88333333333333,1883.33333333333,847.5
"FRF",2,"Graze","C","10/6/2017","1/9/2018",NA,2.87666666666667,2876.66666666667,1294.5
"FRF",2,"Graze","C","10/13/2017","1/9/2018",3.87,3.87,3870,1741.5
"FRF",3,"Hay","A","6/1/2017","7/5/2017",5.02,5.02,5020,2259
"FRF",3,"Hay","A","6/8/2017","7/5/2017",4.11,4.11,4110,1849.5
"FRF",3,"Hay","A","6/13/2017","7/5/2017",5.22,5.22,5220,2349
"FRF",3,"Hay","A","6/23/2017","7/5/2017",5.25,5.25,5250,2362.5
"FRF",3,"Hay","A","6/27/2017","7/5/2017",8.43,8.43,8430,3793.5
"FRF",3,"Hay","A","7/6/2017","1/8/2018",9.26,9.26,9260,4167
"FRF",3,"Hay","A","7/11/2017","1/8/2018",5.99,5.99,5990,2695.5
"FRF",3,"Hay","A","7/20/2017","1/8/2018",8.56,8.56,8560,3852
"FRF",3,"Hay","A","7/26/2017","1/8/2018",3.5,3.5,3500,1575
"FRF",3,"Hay","A","8/1/2017","1/8/2018",2.45,2.45,2450,1102.5
"FRF",3,"Hay","A","8/9/2017","1/8/2018",2.45,2.45,2450,1102.5
"FRF",3,"Hay","A","8/17/2017","1/8/2018",3.58,3.58,3580,1611
"FRF",3,"Hay","A","8/23/2017","1/9/2018",5.2,5.2,5200,2340
"FRF",3,"Hay","A","9/7/2017","1/9/2018",7.66,7.66,7660,3447
"FRF",3,"Hay","A","9/13/2017","1/9/2018",3.05,3.05,3050,1372.5
"FRF",3,"Hay","A","9/21/2017","1/9/2018",NA,3.68666666666667,3686.66666666667,1659
"FRF",3,"Hay","A","10/6/2017","1/9/2018",NA,4.32333333333333,4323.33333333333,1945.5
"FRF",3,"Hay","A","10/13/2017","1/9/2018",4.96,4.96,4960,2232
"FRF",3,"Hay","B","6/1/2017","7/5/2017",6.82,6.82,6820,3069
"FRF",3,"Hay","B","6/8/2017","7/5/2017",4.77,4.77,4770,2146.5
"FRF",3,"Hay","B","6/13/2017","7/5/2017",9.95,9.95,9950,4477.5
"FRF",3,"Hay","B","6/23/2017","7/5/2017",4.39,4.39,4390,1975.5
"FRF",3,"Hay","B","6/27/2017","7/5/2017",4.82,4.82,4820,2169
"FRF",3,"Hay","B","7/6/2017","1/8/2018",10.28,10.28,10280,4626
"FRF",3,"Hay","B","7/11/2017","1/8/2018",1.25,1.25,1250,562.5
"FRF",3,"Hay","B","7/20/2017","1/8/2018",2.76,2.76,2760,1242
"FRF",3,"Hay","B","7/26/2017","1/8/2018",9.36,9.36,9360,4212
"FRF",3,"Hay","B","8/1/2017","1/8/2018",6.96,6.96,6960,3132
"FRF",3,"Hay","B","8/9/2017","1/8/2018",4.35,4.35,4350,1957.5
"FRF",3,"Hay","B","8/17/2017","1/8/2018",3.51,3.51,3510,1579.5
"FRF",3,"Hay","B","8/23/2017","1/9/2018",4.59,4.59,4590,2065.5
"FRF",3,"Hay","B","9/7/2017","1/9/2018",3.52,3.52,3520,1584
"FRF",3,"Hay","B","9/13/2017","1/9/2018",2.65,2.65,2650,1192.5
"FRF",3,"Hay","B","9/21/2017","1/9/2018",NA,3.50666666666667,3506.66666666667,1578
"FRF",3,"Hay","B","10/6/2017","1/9/2018",NA,4.36333333333333,4363.33333333333,1963.5
"FRF",3,"Hay","B","10/13/2017","1/9/2018",5.22,5.22,5220,2349
"FRF",3,"Hay","C","6/1/2017","7/5/2017",32.08,32.08,32080,14436
"FRF",3,"Hay","C","6/8/2017","7/5/2017",4.4,4.4,4400,1980
"FRF",3,"Hay","C","6/13/2017","7/5/2017",6.91,6.91,6910,3109.5
"FRF",3,"Hay","C","6/23/2017","7/5/2017",6.01,6.01,6010,2704.5
"FRF",3,"Hay","C","6/27/2017","7/5/2017",7.03,7.03,7030,3163.5
"FRF",3,"Hay","C","7/6/2017","1/8/2018",7.84,7.84,7840,3528
"FRF",3,"Hay","C","7/11/2017","1/8/2018",2.3,2.3,2300,1035
"FRF",3,"Hay","C","7/20/2017","1/8/2018",4.04,4.04,4040,1818
"FRF",3,"Hay","C","7/26/2017","1/8/2018",2.7,2.7,2700,1215
"FRF",3,"Hay","C","8/1/2017","1/8/2018",7.1,7.1,7100,3195
"FRF",3,"Hay","C","8/9/2017","1/8/2018",2.43,2.43,2430,1093.5
"FRF",3,"Hay","C","8/17/2017","1/8/2018",2.45,2.45,2450,1102.5
"FRF",3,"Hay","C","8/23/2017","1/9/2018",2.12,2.12,2120,954
"FRF",3,"Hay","C","9/7/2017","1/9/2018",2.71,2.71,2710,1219.5
"FRF",3,"Hay","C","9/13/2017","1/9/2018",2.2,2.2,2200,990
"FRF",3,"Hay","C","9/21/2017","1/9/2018",NA,4.4,4400,1980
"FRF",3,"Hay","C","10/6/2017","1/9/2018",6.6,6.6,6600,2970
"FRF",3,"Hay","C","10/13/2017","1/9/2018",2.95,2.95,2950,1327.5
"FRF",4,"Hay","A","5/25/2017","8/10/2017",13.04,13.04,13040,5868
"FRF",4,"Hay","A","6/1/2017","7/5/2017",23.15,23.15,23150,10417.5
"FRF",4,"Hay","A","6/8/2017","7/5/2017",4.11,4.11,4110,1849.5
"FRF",4,"Hay","A","6/13/2017","7/5/2017",13.63,13.63,13630,6133.5
"FRF",4,"Hay","A","6/23/2017","7/5/2017",5.27,5.27,5270,2371.5
"FRF",4,"Hay","A","6/27/2017","7/5/2017",8.15,8.15,8150,3667.5
"FRF",4,"Hay","A","7/6/2017","1/8/2018",17.68,17.68,17680,7956
"FRF",4,"Hay","A","7/11/2017","1/8/2018",6.79,6.79,6790,3055.5
"FRF",4,"Hay","A","7/20/2017","1/8/2018",10.72,10.72,10720,4824
"FRF",4,"Hay","A","7/26/2017","1/8/2018",3.5,3.5,3500,1575
"FRF",4,"Hay","A","8/1/2017","1/8/2018",11.31,11.31,11310,5089.5
"FRF",4,"Hay","A","8/9/2017","1/8/2018",3.2,3.2,3200,1440
"FRF",4,"Hay","A","8/17/2017","1/8/2018",5.51,5.51,5510,2479.5
"FRF",4,"Hay","A","8/23/2017","1/9/2018",7.3,7.3,7300,3285
"FRF",4,"Hay","A","9/7/2017","1/9/2018",7.16,7.16,7160,3222
"FRF",4,"Hay","A","9/13/2017","1/9/2018",1.68,1.68,1680,756
"FRF",4,"Hay","A","9/21/2017","1/9/2018",NA,3.555,3555,1599.75
"FRF",4,"Hay","A","10/6/2017","1/9/2018",5.43,5.43,5430,2443.5
"FRF",4,"Hay","A","10/13/2017","1/9/2018",2.79,2.79,2790,1255.5
"FRF",4,"Hay","B","5/25/2017","8/10/2017",16.67,16.67,16670,7501.5
"FRF",4,"Hay","B","6/1/2017","7/5/2017",14.01,14.01,14010,6304.5
"FRF",4,"Hay","B","6/8/2017","7/5/2017",2.12,2.12,2120,954
"FRF",4,"Hay","B","6/13/2017","7/5/2017",4.46,4.46,4460,2007
"FRF",4,"Hay","B","6/23/2017","7/5/2017",8.81,8.81,8810,3964.5
"FRF",4,"Hay","B","6/27/2017","1/8/2018",6.61,6.61,6610,2974.5
"FRF",4,"Hay","B","7/6/2017","1/8/2018",7.54,7.54,7540,3393
"FRF",4,"Hay","B","7/11/2017","1/8/2018",7.13,7.13,7130,3208.5
"FRF",4,"Hay","B","7/20/2017","1/8/2018",6.9,6.9,6900,3105
"FRF",4,"Hay","B","7/26/2017","1/8/2018",1.76,1.76,1760,792
"FRF",4,"Hay","B","8/1/2017","1/8/2018",2.23,2.23,2230,1003.5
"FRF",4,"Hay","B","8/9/2017","1/8/2018",NA,2.865,2865,1289.25
"FRF",4,"Hay","B","8/17/2017","1/8/2018",3.5,3.5,3500,1575
"FRF",4,"Hay","B","8/23/2017","1/9/2018",7.51,7.51,7510,3379.5
"FRF",4,"Hay","B","9/7/2017","1/9/2018",5.74,5.74,5740,2583
"FRF",4,"Hay","B","9/13/2017","1/9/2018",1.84,1.84,1840,828
"FRF",4,"Hay","B","9/21/2017","1/9/2018",NA,4.34,4340,1953
"FRF",4,"Hay","B","10/6/2017","1/9/2018",6.84,6.84,6840,3078
"FRF",4,"Hay","B","10/13/2017","1/9/2018",4.14,4.14,4140,1863
"FRF",4,"Hay","C","5/25/2017","8/10/2017",6.52,6.52,6520,2934
"FRF",4,"Hay","C","6/1/2017","7/5/2017",12.04,12.04,12040,5418
"FRF",4,"Hay","C","6/8/2017","7/5/2017",5.88,5.88,5880,2646
"FRF",4,"Hay","C","6/13/2017","7/5/2017",10.55,10.55,10550,4747.5
"FRF",4,"Hay","C","6/23/2017","7/5/2017",5.81,5.81,5810,2614.5
"FRF",4,"Hay","C","6/27/2017","1/8/2018",8.15,8.15,8150,3667.5
"FRF",4,"Hay","C","7/6/2017","1/8/2018",8.73,8.73,8730,3928.5
"FRF",4,"Hay","C","7/11/2017","1/8/2018",9.85,9.85,9850,4432.5
"FRF",4,"Hay","C","7/20/2017","1/8/2018",6.74,6.74,6740,3033
"FRF",4,"Hay","C","7/26/2017","1/8/2018",5.06,5.06,5060,2277
"FRF",4,"Hay","C","8/1/2017","1/8/2018",6.45,6.45,6450,2902.5
"FRF",4,"Hay","C","8/9/2017","1/8/2018",6.23,6.23,6230,2803.5
"FRF",4,"Hay","C","8/17/2017","1/8/2018",2.44,2.44,2440,1098
"FRF",4,"Hay","C","8/23/2017","1/9/2018",8.48,8.48,8480,3816
"FRF",4,"Hay","C","9/7/2017","1/9/2018",10.97,10.97,10970,4936.5
"FRF",4,"Hay","C","9/13/2017","1/9/2018",2.2,2.2,2200,990
"FRF",4,"Hay","C","9/21/2017","1/9/2018",NA,3.02,3020,1359
"FRF",4,"Hay","C","10/6/2017","1/9/2018",3.84,3.84,3840,1728
"FRF",4,"Hay","C","10/13/2017","1/9/2018",2.66,2.66,2660,1197
"ORG",1,"Graze","A","6/13/2017","6/21/2017",1.66,1.66,1660,747
"ORG",1,"Graze","A","6/20/2017","6/21/2017",2.65,2.65,2650,1192.5
"ORG",1,"Graze","A","6/29/2017","",NA,3.105,3105,1397.25
"ORG",1,"Graze","A","7/11/2017","7/13/2017",3.56,3.56,3560,1602
"ORG",1,"Graze","A","7/18/2017","8/15/2017",2.38,2.38,2380,1071
"ORG",1,"Graze","A","7/25/2017","8/2/2017",2.23,2.23,2230,1003.5
"ORG",1,"Graze","A","8/1/2017","8/2/2017",NA,1.29,1290,580.5
"ORG",1,"Graze","A","8/10/2017","8/14/2017",0.35,0.35,350,157.5
"ORG",1,"Graze","A","8/16/2017","8/18/2017",0.72,0.72,720,324
"ORG",1,"Graze","A","8/22/2017","8/29/2017",0.45,0.45,450,202.5
"ORG",1,"Graze","A","9/1/2017","9/5/2017",1.01,1.01,1010,454.5
"ORG",1,"Graze","A","9/8/2017","9/14/2017",1.06,1.06,1060,477
"ORG",1,"Graze","A","9/15/2017","9/18/2017",1.13,1.13,1130,508.5
"ORG",1,"Graze","A","9/22/2017","9/26/2017",0.86,0.86,860,387
"ORG",1,"Graze","A","9/29/2017","10/3/2017",0.52,0.52,520,234
"ORG",1,"Graze","A","10/13/2017","10/25/2017",1.13,1.13,1130,508.5
"ORG",1,"Graze","A","10/20/2017","10/25/2017",1.08,1.08,1080,486
"ORG",1,"Graze","A","10/24/2017","10/25/2017",2.61,2.61,2610,1174.5
"ORG",1,"Graze","B","6/13/2017","6/21/2017",6.72,6.72,6720,3024
"ORG",1,"Graze","B","6/20/2017","6/21/2017",5.4,5.4,5400,2430
"ORG",1,"Graze","B","6/29/2017","",NA,3.555,3555,1599.75
"ORG",1,"Graze","B","7/11/2017","7/13/2017",1.71,1.71,1710,769.5
"ORG",1,"Graze","B","7/18/2017","8/15/2017",2.6,2.6,2600,1170
"ORG",1,"Graze","B","7/25/2017","8/2/2017",1.91,1.91,1910,859.5
"ORG",1,"Graze","B","8/1/2017","8/2/2017",4.3,4.3,4300,1935
"ORG",1,"Graze","B","8/10/2017","8/14/2017",1.72,1.72,1720,774
"ORG",1,"Graze","B","8/16/2017","8/18/2017",7.12,7.12,7120,3204
"ORG",1,"Graze","B","8/22/2017","8/29/2017",2.13,2.13,2130,958.5
"ORG",1,"Graze","B","9/1/2017","9/5/2017",1.26,1.26,1260,567
"ORG",1,"Graze","B","9/8/2017","9/14/2017",0.73,0.73,730,328.5
"ORG",1,"Graze","B","9/15/2017","9/18/2017",5.96,5.96,5960,2682
"ORG",1,"Graze","B","9/22/2017","9/26/2017",7.72,7.72,7720,3474
"ORG",1,"Graze","B","9/29/2017","10/3/2017",2.74,2.74,2740,1233
"ORG",1,"Graze","B","10/13/2017","10/25/2017",3.27,3.27,3270,1471.5
"ORG",1,"Graze","B","10/20/2017","10/25/2017",3.39,3.39,3390,1525.5
"ORG",1,"Graze","B","10/24/2017","10/25/2017",3.48,3.48,3480,1566
"ORG",1,"Graze","C","6/13/2017","6/21/2017",8.46,8.46,8460,3807
"ORG",1,"Graze","C","6/20/2017","6/21/2017",4.76,4.76,4760,2142
"ORG",1,"Graze","C","6/29/2017","",NA,3.455,3455,1554.75
"ORG",1,"Graze","C","7/11/2017","7/13/2017",2.15,2.15,2150,967.5
"ORG",1,"Graze","C","7/18/2017","8/15/2017",2.77,2.77,2770,1246.5
"ORG",1,"Graze","C","7/25/2017","8/2/2017",3.31,3.31,3310,1489.5
"ORG",1,"Graze","C","8/1/2017","8/2/2017",NA,2.115,2115,951.75
"ORG",1,"Graze","C","8/10/2017","8/14/2017",0.92,0.92,920,414
"ORG",1,"Graze","C","8/16/2017","8/18/2017",6.2,6.2,6200,2790
"ORG",1,"Graze","C","8/22/2017","8/29/2017",1.8,1.8,1800,810
"ORG",1,"Graze","C","9/1/2017","9/5/2017",2.78,2.78,2780,1251
"ORG",1,"Graze","C","9/8/2017","9/14/2017",1.52,1.52,1520,684
"ORG",1,"Graze","C","9/15/2017","9/18/2017",1.26,1.26,1260,567
"ORG",1,"Graze","C","9/22/2017","9/26/2017",2.74,2.74,2740,1233
"ORG",1,"Graze","C","9/29/2017","10/3/2017",3.34,3.34,3340,1503
"ORG",1,"Graze","C","10/13/2017","10/25/2017",9.4,9.4,9400,4230
"ORG",1,"Graze","C","10/20/2017","10/25/2017",5.11,5.11,5110,2299.5
"ORG",1,"Graze","C","10/24/2017","10/25/2017",5.53,5.53,5530,2488.5
"ORG",2,"Graze","A","6/13/2017","6/21/2017",2.87,2.87,2870,1291.5
"ORG",2,"Graze","A","6/20/2017","6/21/2017",2.98,2.98,2980,1341
"ORG",2,"Graze","A","6/29/2017","",NA,2.26,2260,1017
"ORG",2,"Graze","A","7/11/2017","7/13/2017",1.54,1.54,1540,693
"ORG",2,"Graze","A","7/18/2017","8/15/2017",1.07,1.07,1070,481.5
"ORG",2,"Graze","A","7/25/2017","8/2/2017",4.29,4.29,4290,1930.5
"ORG",2,"Graze","A","8/1/2017","8/2/2017",3.62,3.62,3620,1629
"ORG",2,"Graze","A","8/10/2017","8/14/2017",4.53,4.53,4530,2038.5
"ORG",2,"Graze","A","8/16/2017","8/18/2017",0.84,0.84,840,378
"ORG",2,"Graze","A","8/22/2017","8/29/2017",0.76,0.76,760,342
"ORG",2,"Graze","A","9/1/2017","9/5/2017",0.66,0.66,660,297
"ORG",2,"Graze","A","9/8/2017","9/14/2017",2.67,2.67,2670,1201.5
"ORG",2,"Graze","A","9/15/2017","9/18/2017",1.69,1.69,1690,760.5
"ORG",2,"Graze","A","9/22/2017","9/26/2017",2.39,2.39,2390,1075.5
"ORG",2,"Graze","A","9/29/2017","10/3/2017",NA,2.23,2230,1003.5
"ORG",2,"Graze","A","10/13/2017","10/25/2017",2.07,2.07,2070,931.5
"ORG",2,"Graze","A","10/20/2017","10/25/2017",1.54,1.54,1540,693
"ORG",2,"Graze","A","10/24/2017","10/25/2017",1.82,1.82,1820,819
"ORG",2,"Graze","B","6/13/2017","6/21/2017",5.11,5.11,5110,2299.5
"ORG",2,"Graze","B","6/20/2017","6/21/2017",2.26,2.26,2260,1017
"ORG",2,"Graze","B","6/29/2017","",NA,2.03,2030,913.5
"ORG",2,"Graze","B","7/11/2017","7/13/2017",1.8,1.8,1800,810
"ORG",2,"Graze","B","7/18/2017","8/15/2017",1.66,1.66,1660,747
"ORG",2,"Graze","B","7/25/2017","8/2/2017",4.1,4.1,4100,1845
"ORG",2,"Graze","B","8/1/2017","8/2/2017",3.84,3.84,3840,1728
"ORG",2,"Graze","B","8/10/2017","8/14/2017",3.45,3.45,3450,1552.5
"ORG",2,"Graze","B","8/16/2017","8/18/2017",1.54,1.54,1540,693
"ORG",2,"Graze","B","8/22/2017","8/29/2017",0.81,0.81,810,364.5
"ORG",2,"Graze","B","9/1/2017","9/5/2017",0.68,0.68,680,306
"ORG",2,"Graze","B","9/8/2017","9/14/2017",0.74,0.74,740,333
"ORG",2,"Graze","B","9/15/2017","9/18/2017",1.03,1.03,1030,463.5
"ORG",2,"Graze","B","9/22/2017","9/26/2017",0.76,0.76,760,342
"ORG",2,"Graze","B","9/29/2017","10/3/2017",1.29,1.29,1290,580.5
"ORG",2,"Graze","B","10/13/2017","10/25/2017",4.14,4.14,4140,1863
"ORG",2,"Graze","B","10/20/2017","10/25/2017",0.95,0.95,950,427.5
"ORG",2,"Graze","B","10/24/2017","10/25/2017",2.12,2.12,2120,954
"ORG",2,"Graze","C","6/13/2017","6/21/2017",4.55,4.55,4550,2047.5
"ORG",2,"Graze","C","6/20/2017","6/21/2017",3.98,3.98,3980,1791
"ORG",2,"Graze","C","6/29/2017","",NA,2.785,2785,1253.25
"ORG",2,"Graze","C","7/11/2017","7/13/2017",1.59,1.59,1590,715.5
"ORG",2,"Graze","C","7/18/2017","8/15/2017",0.95,0.95,950,427.5
"ORG",2,"Graze","C","7/25/2017","8/2/2017",5.51,5.51,5510,2479.5
"ORG",2,"Graze","C","8/1/2017","8/2/2017",6.06,6.06,6060,2727
"ORG",2,"Graze","C","8/10/2017","8/14/2017",2.73,2.73,2730,1228.5
"ORG",2,"Graze","C","8/16/2017","8/18/2017",0.7,0.7,700,315
"ORG",2,"Graze","C","8/22/2017","8/29/2017",1.31,1.31,1310,589.5
"ORG",2,"Graze","C","9/1/2017","9/5/2017",0.82,0.82,820,369
"ORG",2,"Graze","C","9/8/2017","9/14/2017",1.45,1.45,1450,652.5
"ORG",2,"Graze","C","9/15/2017","9/18/2017",1.05,1.05,1050,472.5
"ORG",2,"Graze","C","9/22/2017","9/26/2017",2.16,2.16,2160,972
"ORG",2,"Graze","C","9/29/2017","10/3/2017",1.77,1.77,1770,796.5
"ORG",2,"Graze","C","10/13/2017","10/25/2017",2.4,2.4,2400,1080
"ORG",2,"Graze","C","10/20/2017","10/25/2017",1.73,1.73,1730,778.5
"ORG",2,"Graze","C","10/24/2017","10/25/2017",1.8,1.8,1800,810
"ORG",3,"Hay","A","6/13/2017","6/21/2017",2.37,2.37,2370,1066.5
"ORG",3,"Hay","A","6/20/2017","6/21/2017",3.28,3.28,3280,1476
"ORG",3,"Hay","A","6/29/2017","",NA,2.39,2390,1075.5
"ORG",3,"Hay","A","7/11/2017","7/13/2017",1.5,1.5,1500,675
"ORG",3,"Hay","A","7/18/2017","8/15/2017",0.85,0.85,850,382.5
"ORG",3,"Hay","A","7/25/2017","8/2/2017",0.28,0.28,280,126
"ORG",3,"Hay","A","8/1/2017","8/2/2017",4.15,4.15,4150,1867.5
"ORG",3,"Hay","A","8/10/2017","8/14/2017",2.28,2.28,2280,1026
"ORG",3,"Hay","A","8/16/2017","8/18/2017",2.65,2.65,2650,1192.5
"ORG",3,"Hay","A","8/22/2017","8/29/2017",2.6,2.6,2600,1170
"ORG",3,"Hay","A","9/1/2017","9/5/2017",NA,2.725,2725,1226.25
"ORG",3,"Hay","A","9/8/2017","9/14/2017",2.85,2.85,2850,1282.5
"ORG",3,"Hay","A","9/15/2017","9/18/2017",4.75,4.75,4750,2137.5
"ORG",3,"Hay","A","9/22/2017","9/26/2017",5.1,5.1,5100,2295
"ORG",3,"Hay","A","9/29/2017","10/3/2017",1.19,1.19,1190,535.5
"ORG",3,"Hay","A","10/13/2017","10/25/2017",1.37,1.37,1370,616.5
"ORG",3,"Hay","A","10/20/2017","10/25/2017",2.71,2.71,2710,1219.5
"ORG",3,"Hay","A","10/24/2017","10/25/2017",2.81,2.81,2810,1264.5
"ORG",3,"Hay","B","6/13/2017","6/21/2017",2.69,2.69,2690,1210.5
"ORG",3,"Hay","B","6/20/2017","6/21/2017",7.66,7.66,7660,3447
"ORG",3,"Hay","B","6/29/2017","",NA,5.635,5635,2535.75
"ORG",3,"Hay","B","7/11/2017","7/13/2017",3.61,3.61,3610,1624.5
"ORG",3,"Hay","B","7/18/2017","8/15/2017",1.47,1.47,1470,661.5
"ORG",3,"Hay","B","7/25/2017","8/2/2017",0.82,0.82,820,369
"ORG",3,"Hay","B","8/1/2017","8/2/2017",2.09,2.09,2090,940.5
"ORG",3,"Hay","B","8/10/2017","8/14/2017",7.34,7.34,7340,3303
"ORG",3,"Hay","B","8/16/2017","8/18/2017",0.87,0.87,870,391.5
"ORG",3,"Hay","B","8/22/2017","8/29/2017",4.24,4.24,4240,1908
"ORG",3,"Hay","B","9/1/2017","9/5/2017",NA,3.63,3630,1633.5
"ORG",3,"Hay","B","9/8/2017","9/14/2017",3.02,3.02,3020,1359
"ORG",3,"Hay","B","9/15/2017","9/18/2017",1.53,1.53,1530,688.5
"ORG",3,"Hay","B","9/22/2017","9/26/2017",3.57,3.57,3570,1606.5
"ORG",3,"Hay","B","9/29/2017","10/3/2017",0.51,0.51,510,229.5
"ORG",3,"Hay","B","10/13/2017","10/25/2017",2.68,2.68,2680,1206
"ORG",3,"Hay","B","10/20/2017","10/25/2017",3.34,3.34,3340,1503
"ORG",3,"Hay","B","10/24/2017","10/25/2017",0.87,0.87,870,391.5
"ORG",3,"Hay","C","6/13/2017","6/21/2017",2.8,2.8,2800,1260
"ORG",3,"Hay","C","6/20/2017","6/21/2017",9.75,9.75,9750,4387.5
"ORG",3,"Hay","C","6/29/2017","",NA,6.09,6090,2740.5
"ORG",3,"Hay","C","7/11/2017","7/13/2017",2.43,2.43,2430,1093.5
"ORG",3,"Hay","C","7/18/2017","8/15/2017",2.09,2.09,2090,940.5
"ORG",3,"Hay","C","7/25/2017","8/2/2017",0.96,0.96,960,432
"ORG",3,"Hay","C","8/1/2017","8/2/2017",1.74,1.74,1740,783
"ORG",3,"Hay","C","8/10/2017","8/14/2017",2.53,2.53,2530,1138.5
"ORG",3,"Hay","C","8/16/2017","8/18/2017",3.36,3.36,3360,1512
"ORG",3,"Hay","C","8/22/2017","8/29/2017",1.91,1.91,1910,859.5
"ORG",3,"Hay","C","9/1/2017","9/5/2017",NA,2.105,2105,947.25
"ORG",3,"Hay","C","9/8/2017","9/14/2017",2.3,2.3,2300,1035
"ORG",3,"Hay","C","9/15/2017","9/18/2017",1.24,1.24,1240,558
"ORG",3,"Hay","C","9/22/2017","9/26/2017",2.33,2.33,2330,1048.5
"ORG",3,"Hay","C","9/29/2017","10/3/2017",1.88,1.88,1880,846
"ORG",3,"Hay","C","10/13/2017","10/25/2017",1.34,1.34,1340,603
"ORG",3,"Hay","C","10/20/2017","10/25/2017",0.9,0.9,900,405
"ORG",3,"Hay","C","10/24/2017","10/25/2017",1.28,1.28,1280,576
"ORG",4,"Hay","A","6/13/2017","6/21/2017",4.8,4.8,4800,2160
"ORG",4,"Hay","A","6/20/2017","6/21/2017",7.62,7.62,7620,3429
"ORG",4,"Hay","A","6/29/2017","",NA,5.44,5440,2448
"ORG",4,"Hay","A","7/11/2017","7/13/2017",3.26,3.26,3260,1467
"ORG",4,"Hay","A","7/18/2017","8/15/2017",3.81,3.81,3810,1714.5
"ORG",4,"Hay","A","7/25/2017","8/2/2017",2.65,2.65,2650,1192.5
"ORG",4,"Hay","A","8/1/2017","8/2/2017",1.47,1.47,1470,661.5
"ORG",4,"Hay","A","8/10/2017","8/14/2017",NA,1.17,1170,526.5
"ORG",4,"Hay","A","8/16/2017","8/18/2017",0.87,0.87,870,391.5
"ORG",4,"Hay","A","8/22/2017","8/29/2017",6.33,6.33,6330,2848.5
"ORG",4,"Hay","A","9/1/2017","9/5/2017",3.69,3.69,3690,1660.5
"ORG",4,"Hay","A","9/8/2017","9/14/2017",2.99,2.99,2990,1345.5
"ORG",4,"Hay","A","9/15/2017","9/18/2017",3.39,3.39,3390,1525.5
"ORG",4,"Hay","A","9/22/2017","9/26/2017",2.62,2.62,2620,1179
"ORG",4,"Hay","A","9/29/2017","10/3/2017",2.21,2.21,2210,994.5
"ORG",4,"Hay","A","10/13/2017","10/25/2017",2.54,2.54,2540,1143
"ORG",4,"Hay","A","10/20/2017","10/25/2017",3.55,3.55,3550,1597.5
"ORG",4,"Hay","A","10/24/2017","10/25/2017",2.69,2.69,2690,1210.5
"ORG",4,"Hay","B","6/13/2017","6/21/2017",1.61,1.61,1610,724.5
"ORG",4,"Hay","B","6/20/2017","6/21/2017",6.46,6.46,6460,2907
"ORG",4,"Hay","B","6/29/2017","",NA,3.65,3650,1642.5
"ORG",4,"Hay","B","7/11/2017","7/13/2017",0.84,0.84,840,378
"ORG",4,"Hay","B","7/18/2017","8/15/2017",3.3,3.3,3300,1485
"ORG",4,"Hay","B","7/25/2017","8/2/2017",3.67,3.67,3670,1651.5
"ORG",4,"Hay","B","8/1/2017","8/2/2017",0.73,0.73,730,328.5
"ORG",4,"Hay","B","8/10/2017","8/14/2017",NA,0.95,950,427.5
"ORG",4,"Hay","B","8/16/2017","8/18/2017",1.17,1.17,1170,526.5
"ORG",4,"Hay","B","8/22/2017","8/29/2017",10.99,10.99,10990,4945.5
"ORG",4,"Hay","B","9/1/2017","9/5/2017",3.14,3.14,3140,1413
"ORG",4,"Hay","B","9/8/2017","9/14/2017",6.25,6.25,6250,2812.5
"ORG",4,"Hay","B","9/15/2017","9/18/2017",2.96,2.96,2960,1332
"ORG",4,"Hay","B","9/22/2017","9/26/2017",7.46,7.46,7460,3357
"ORG",4,"Hay","B","9/29/2017","10/3/2017",2.34,2.34,2340,1053
"ORG",4,"Hay","B","10/13/2017","10/25/2017",1.74,1.74,1740,783
"ORG",4,"Hay","B","10/20/2017","10/25/2017",2.15,2.15,2150,967.5
"ORG",4,"Hay","B","10/24/2017","10/25/2017",3.77,3.77,3770,1696.5
"ORG",4,"Hay","C","6/13/2017","6/21/2017",3.31,3.31,3310,1489.5
"ORG",4,"Hay","C","6/20/2017","6/21/2017",7.31,7.31,7310,3289.5
"ORG",4,"Hay","C","6/29/2017","",NA,4.2,4200,1890
"ORG",4,"Hay","C","7/11/2017","7/13/2017",1.09,1.09,1090,490.5
"ORG",4,"Hay","C","7/18/2017","8/15/2017",1.95,1.95,1950,877.5
"ORG",4,"Hay","C","7/25/2017","8/2/2017",3.56,3.56,3560,1602
"ORG",4,"Hay","C","8/1/2017","8/2/2017",2.2,2.2,2200,990
"ORG",4,"Hay","C","8/10/2017","8/14/2017",NA,1.27,1270,571.5
"ORG",4,"Hay","C","8/16/2017","8/18/2017",0.34,0.34,340,153
"ORG",4,"Hay","C","8/22/2017","8/29/2017",6.27,6.27,6270,2821.5
"ORG",4,"Hay","C","9/1/2017","9/5/2017",5.43,5.43,5430,2443.5
"ORG",4,"Hay","C","9/8/2017","9/14/2017",4.42,4.42,4420,1989
"ORG",4,"Hay","C","9/15/2017","9/18/2017",4.92,4.92,4920,2214
"ORG",4,"Hay","C","9/22/2017","9/26/2017",4.7,4.7,4700,2115
"ORG",4,"Hay","C","9/29/2017","10/3/2017",1.8,1.8,1800,810
"ORG",4,"Hay","C","10/13/2017","10/25/2017",1.9,1.9,1900,855
"ORG",4,"Hay","C","10/20/2017","10/25/2017",3.95,3.95,3950,1777.5
"ORG",4,"Hay","C","10/24/2017","10/25/2017",3.85,3.85,3850,1732.5
"WNF",1,"Graze","A","5/31/2017","6/21/2017",11.01,11.01,11010,4954.5
"WNF",1,"Graze","A","6/7/2017","6/21/2017",7.09,7.09,7090,3190.5
"WNF",1,"Graze","A","6/14/2017","6/14/2017",21.89,21.89,21890,9850.5
"WNF",1,"Graze","A","6/21/2017","6/28/2017",7.27,7.27,7270,3271.5
"WNF",1,"Graze","A","7/5/2017","7/10/2017",16.08,16.08,16080,7236
"WNF",1,"Graze","A","7/12/2017","7/13/2017",14.58,14.58,14580,6561
"WNF",1,"Graze","A","7/19/2017","8/15/2017",4.44,4.44,4440,1998
"WNF",1,"Graze","A","7/26/2017","8/2/2017",2.09,2.09,2090,940.5
"WNF",1,"Graze","A","8/2/2017","8/4/2017",0.68,0.68,680,306
"WNF",1,"Graze","A","8/9/2017","8/10/2017",0.64,0.64,640,288
"WNF",1,"Graze","A","8/16/2017","8/18/2017",0.68,0.68,680,306
"WNF",1,"Graze","A","8/23/2017","8/30/2017",0.61,0.61,610,274.5
"WNF",1,"Graze","A","9/7/2017","9/14/2017",5.52,5.52,5520,2484
"WNF",1,"Graze","A","9/12/2017","9/18/2017",32.66,32.66,32660,14697
"WNF",1,"Graze","A","9/21/2017","9/26/2017",3.33,3.33,3330,1498.5
"WNF",1,"Graze","A","9/28/2017","10/3/2017",1.61,1.61,1610,724.5
"WNF",1,"Graze","A","10/5/2017","",NA,1.55,1550,697.5
"WNF",1,"Graze","A","10/12/2017","10/25/2017",1.49,1.49,1490,670.5
"WNF",1,"Graze","A","10/19/2017","10/25/2017",0.52,0.52,520,234
"WNF",1,"Graze","B","5/31/2017","6/21/2017",10.96,10.96,10960,4932
"WNF",1,"Graze","B","6/7/2017","6/21/2017",13.68,13.68,13680,6156
"WNF",1,"Graze","B","6/14/2017","6/14/2017",13.13,13.13,13130,5908.5
"WNF",1,"Graze","B","6/21/2017","6/28/2017",6.86,6.86,6860,3087
"WNF",1,"Graze","B","7/5/2017","7/10/2017",9.13,9.13,9130,4108.5
"WNF",1,"Graze","B","7/12/2017","7/13/2017",5.4,5.4,5400,2430
"WNF",1,"Graze","B","7/19/2017","8/15/2017",9.79,9.79,9790,4405.5
"WNF",1,"Graze","B","7/26/2017","8/2/2017",4.81,4.81,4810,2164.5
"WNF",1,"Graze","B","8/2/2017","8/4/2017",0.48,0.48,480,216
"WNF",1,"Graze","B","8/9/2017","8/10/2017",1.19,1.19,1190,535.5
"WNF",1,"Graze","B","8/16/2017","8/18/2017",0.86,0.86,860,387
"WNF",1,"Graze","B","8/23/2017","8/30/2017",0.45,0.45,450,202.5
"WNF",1,"Graze","B","9/7/2017","9/14/2017",8.99,8.99,8990,4045.5
"WNF",1,"Graze","B","9/12/2017","9/18/2017",8.71,8.71,8710,3919.5
"WNF",1,"Graze","B","9/21/2017","9/26/2017",1.83,1.83,1830,823.5
"WNF",1,"Graze","B","9/28/2017","10/3/2017",2.02,2.02,2020,909
"WNF",1,"Graze","B","10/5/2017","",NA,1.48,1480,666
"WNF",1,"Graze","B","10/12/2017","10/25/2017",0.94,0.94,940,423
"WNF",1,"Graze","B","10/19/2017","10/25/2017",0.42,0.42,420,189
"WNF",1,"Graze","C","5/31/2017","6/21/2017",7.85,7.85,7850,3532.5
"WNF",1,"Graze","C","6/7/2017","6/21/2017",11.11,11.11,11110,4999.5
"WNF",1,"Graze","C","6/14/2017","6/14/2017",23.73,23.73,23730,10678.5
"WNF",1,"Graze","C","6/21/2017","6/28/2017",3.44,3.44,3440,1548
"WNF",1,"Graze","C","7/5/2017","7/10/2017",14.09,14.09,14090,6340.5
"WNF",1,"Graze","C","7/12/2017","7/13/2017",9.58,9.58,9580,4311
"WNF",1,"Graze","C","7/19/2017","8/15/2017",8.82,8.82,8820,3969
"WNF",1,"Graze","C","7/26/2017","8/2/2017",3.91,3.91,3910,1759.5
"WNF",1,"Graze","C","8/2/2017","8/4/2017",1.73,1.73,1730,778.5
"WNF",1,"Graze","C","8/9/2017","8/10/2017",2.01,2.01,2010,904.5
"WNF",1,"Graze","C","8/16/2017","8/18/2017",0.61,0.61,610,274.5
"WNF",1,"Graze","C","8/23/2017","8/30/2017",0.94,0.94,940,423
"WNF",1,"Graze","C","9/7/2017","9/14/2017",7.99,7.99,7990,3595.5
"WNF",1,"Graze","C","9/12/2017","9/18/2017",12.58,12.58,12580,5661
"WNF",1,"Graze","C","9/21/2017","9/26/2017",4.1,4.1,4100,1845
"WNF",1,"Graze","C","9/28/2017","10/3/2017",1.59,1.59,1590,715.5
"WNF",1,"Graze","C","10/5/2017","",NA,1.215,1215,546.75
"WNF",1,"Graze","C","10/12/2017","10/25/2017",0.84,0.84,840,378
"WNF",1,"Graze","C","10/19/2017","10/25/2017",0.26,0.26,260,117
"WNF",2,"Graze","A","5/31/2017","6/21/2017",6.16,6.16,6160,2772
"WNF",2,"Graze","A","6/7/2017","6/21/2017",7.3,7.3,7300,3285
"WNF",2,"Graze","A","6/14/2017","6/14/2017",8.64,8.64,8640,3888
"WNF",2,"Graze","A","6/21/2017","6/28/2017",8.65,8.65,8650,3892.5
"WNF",2,"Graze","A","7/5/2017","7/10/2017",8.77,8.77,8770,3946.5
"WNF",2,"Graze","A","7/12/2017","7/13/2017",15.53,15.53,15530,6988.5
"WNF",2,"Graze","A","7/19/2017","8/15/2017",9.65,9.65,9650,4342.5
"WNF",2,"Graze","A","7/26/2017","8/2/2017",5.26,5.26,5260,2367
"WNF",2,"Graze","A","8/2/2017","8/4/2017",2.15,2.15,2150,967.5
"WNF",2,"Graze","A","8/9/2017","8/10/2017",1.01,1.01,1010,454.5
"WNF",2,"Graze","A","8/16/2017","8/18/2017",0.4,0.4,400,180
"WNF",2,"Graze","A","8/23/2017","8/30/2017",0.97,0.97,970,436.5
"WNF",2,"Graze","A","9/7/2017","9/14/2017",7.62,7.62,7620,3429
"WNF",2,"Graze","A","9/12/2017","9/18/2017",10.95,10.95,10950,4927.5
"WNF",2,"Graze","A","9/21/2017","9/26/2017",2.38,2.38,2380,1071
"WNF",2,"Graze","A","9/28/2017","10/3/2017",1.36,1.36,1360,612
"WNF",2,"Graze","A","10/5/2017","",NA,1.485,1485,668.25
"WNF",2,"Graze","A","10/12/2017","10/25/2017",1.61,1.61,1610,724.5
"WNF",2,"Graze","A","10/19/2017","10/25/2017",0.57,0.57,570,256.5
"WNF",2,"Graze","B","5/31/2017","6/21/2017",4.1,4.1,4100,1845
"WNF",2,"Graze","B","6/7/2017","6/21/2017",16.14,16.14,16140,7263
"WNF",2,"Graze","B","6/14/2017","6/14/2017",19.64,19.64,19640,8838
"WNF",2,"Graze","B","6/21/2017","6/28/2017",9.1,9.1,9100,4095
"WNF",2,"Graze","B","7/5/2017","7/10/2017",29.56,29.56,29560,13302
"WNF",2,"Graze","B","7/12/2017","7/13/2017",14.02,14.02,14020,6309
"WNF",2,"Graze","B","7/19/2017","8/15/2017",6.58,6.58,6580,2961
"WNF",2,"Graze","B","7/26/2017","8/2/2017",2.24,2.24,2240,1008
"WNF",2,"Graze","B","8/2/2017","8/4/2017",0.41,0.41,410,184.5
"WNF",2,"Graze","B","8/9/2017","8/10/2017",0.52,0.52,520,234
"WNF",2,"Graze","B","8/16/2017","8/18/2017",1.29,1.29,1290,580.5
"WNF",2,"Graze","B","8/23/2017","8/30/2017",0.5,0.5,500,225
"WNF",2,"Graze","B","9/7/2017","9/14/2017",4.43,4.43,4430,1993.5
"WNF",2,"Graze","B","9/12/2017","9/18/2017",3.57,3.57,3570,1606.5
"WNF",2,"Graze","B","9/21/2017","9/26/2017",1.7,1.7,1700,765
"WNF",2,"Graze","B","9/28/2017","10/3/2017",1.06,1.06,1060,477
"WNF",2,"Graze","B","10/5/2017","",NA,1.26,1260,567
"WNF",2,"Graze","B","10/12/2017","10/25/2017",1.46,1.46,1460,657
"WNF",2,"Graze","B","10/19/2017","10/25/2017",0.13,0.13,130,58.5
"WNF",2,"Graze","C","5/31/2017","6/21/2017",7.86,7.86,7860,3537
"WNF",2,"Graze","C","6/7/2017","6/21/2017",13.07,13.07,13070,5881.5
"WNF",2,"Graze","C","6/14/2017","6/14/2017",NA,10.26,10260,4617
"WNF",2,"Graze","C","6/21/2017","6/28/2017",7.45,7.45,7450,3352.5
"WNF",2,"Graze","C","7/5/2017","7/10/2017",9.25,9.25,9250,4162.5
"WNF",2,"Graze","C","7/12/2017","7/13/2017",12.92,12.92,12920,5814
"WNF",2,"Graze","C","7/19/2017","8/15/2017",2.52,2.52,2520,1134
"WNF",2,"Graze","C","7/26/2017","8/2/2017",1.48,1.48,1480,666
"WNF",2,"Graze","C","8/2/2017","8/4/2017",0.27,0.27,270,121.5
"WNF",2,"Graze","C","8/9/2017","8/10/2017",0.32,0.32,320,144
"WNF",2,"Graze","C","8/16/2017","8/18/2017",0.46,0.46,460,207
"WNF",2,"Graze","C","8/23/2017","8/30/2017",0.94,0.94,940,423
"WNF",2,"Graze","C","9/7/2017","9/14/2017",1.37,1.37,1370,616.5
"WNF",2,"Graze","C","9/12/2017","9/18/2017",3.04,3.04,3040,1368
"WNF",2,"Graze","C","9/21/2017","9/26/2017",1.51,1.51,1510,679.5
"WNF",2,"Graze","C","9/28/2017","10/3/2017",1.52,1.52,1520,684
"WNF",2,"Graze","C","10/5/2017","",NA,1.8,1800,810
"WNF",2,"Graze","C","10/12/2017","10/25/2017",2.08,2.08,2080,936
"WNF",2,"Graze","C","10/19/2017","10/25/2017",0.16,0.16,160,72
"WNF",3,"Hay","A","5/31/2017","6/21/2017",5.7,5.7,5700,2565
"WNF",3,"Hay","A","6/7/2017","6/21/2017",9.17,9.17,9170,4126.5
"WNF",3,"Hay","A","6/14/2017","6/14/2017",9.22,9.22,9220,4149
"WNF",3,"Hay","A","6/21/2017","6/28/2017",20.82,20.82,20820,9369
"WNF",3,"Hay","A","7/5/2017","7/10/2017",5.56,5.56,5560,2502
"WNF",3,"Hay","A","7/12/2017","7/13/2017",11.73,11.73,11730,5278.5
"WNF",3,"Hay","A","7/19/2017","8/15/2017",3.57,3.57,3570,1606.5
"WNF",3,"Hay","A","7/26/2017","8/2/2017",3.98,3.98,3980,1791
"WNF",3,"Hay","A","8/2/2017","8/4/2017",1.37,1.37,1370,616.5
"WNF",3,"Hay","A","8/9/2017","8/10/2017",NA,6.21,6210,2794.5
"WNF",3,"Hay","A","8/16/2017","8/18/2017",11.05,11.05,11050,4972.5
"WNF",3,"Hay","A","8/23/2017","8/30/2017",0.14,0.14,140,63
"WNF",3,"Hay","A","9/7/2017","9/14/2017",2.86,2.86,2860,1287
"WNF",3,"Hay","A","9/12/2017","9/18/2017",5.42,5.42,5420,2439
"WNF",3,"Hay","A","9/21/2017","9/26/2017",6.7,6.7,6700,3015
"WNF",3,"Hay","A","9/28/2017","10/3/2017",7.85,7.85,7850,3532.5
"WNF",3,"Hay","A","10/5/2017","",NA,4.615,4615,2076.75
"WNF",3,"Hay","A","10/12/2017","10/25/2017",1.38,1.38,1380,621
"WNF",3,"Hay","A","10/19/2017","10/25/2017",1.01,1.01,1010,454.5
"WNF",3,"Hay","B","5/31/2017","6/21/2017",5.8,5.8,5800,2610
"WNF",3,"Hay","B","6/7/2017","6/21/2017",6.77,6.77,6770,3046.5
"WNF",3,"Hay","B","6/14/2017","6/14/2017",9.94,9.94,9940,4473
"WNF",3,"Hay","B","6/21/2017","6/28/2017",21.07,21.07,21070,9481.5
"WNF",3,"Hay","B","7/5/2017","7/10/2017",2.29,2.29,2290,1030.5
"WNF",3,"Hay","B","7/12/2017","7/13/2017",10.51,10.51,10510,4729.5
"WNF",3,"Hay","B","7/19/2017","8/15/2017",8.55,8.55,8550,3847.5
"WNF",3,"Hay","B","7/26/2017","8/2/2017",3.15,3.15,3150,1417.5
"WNF",3,"Hay","B","8/2/2017","8/4/2017",0.9,0.9,900,405
"WNF",3,"Hay","B","8/9/2017","8/10/2017",NA,3.88,3880,1746
"WNF",3,"Hay","B","8/16/2017","8/18/2017",6.86,6.86,6860,3087
"WNF",3,"Hay","B","8/23/2017","8/30/2017",0.33,0.33,330,148.5
"WNF",3,"Hay","B","9/7/2017","9/14/2017",2.63,2.63,2630,1183.5
"WNF",3,"Hay","B","9/12/2017","9/18/2017",5.03,5.03,5030,2263.5
"WNF",3,"Hay","B","9/21/2017","9/26/2017",2.17,2.17,2170,976.5
"WNF",3,"Hay","B","9/28/2017","10/3/2017",1.91,1.91,1910,859.5
"WNF",3,"Hay","B","10/5/2017","",NA,1.385,1385,623.25
"WNF",3,"Hay","B","10/12/2017","10/25/2017",0.86,0.86,860,387
"WNF",3,"Hay","B","10/19/2017","10/25/2017",0.63,0.63,630,283.5
"WNF",3,"Hay","C","5/31/2017","6/21/2017",6.67,6.67,6670,3001.5
"WNF",3,"Hay","C","6/7/2017","6/21/2017",11.98,11.98,11980,5391
"WNF",3,"Hay","C","6/14/2017","6/14/2017",11.05,11.05,11050,4972.5
"WNF",3,"Hay","C","6/21/2017","6/28/2017",12.04,12.04,12040,5418
"WNF",3,"Hay","C","7/5/2017","7/10/2017",5.16,5.16,5160,2322
"WNF",3,"Hay","C","7/12/2017","7/13/2017",5.98,5.98,5980,2691
"WNF",3,"Hay","C","7/19/2017","8/15/2017",4.28,4.28,4280,1926
"WNF",3,"Hay","C","7/26/2017","8/2/2017",1.81,1.81,1810,814.5
"WNF",3,"Hay","C","8/2/2017","8/4/2017",0.8,0.8,800,360
"WNF",3,"Hay","C","8/9/2017","8/10/2017",NA,2.78,2780,1251
"WNF",3,"Hay","C","8/16/2017","8/18/2017",4.76,4.76,4760,2142
"WNF",3,"Hay","C","8/23/2017","8/30/2017",0.57,0.57,570,256.5
"WNF",3,"Hay","C","9/7/2017","9/14/2017",1.18,1.18,1180,531
"WNF",3,"Hay","C","9/12/2017","9/18/2017",3.8,3.8,3800,1710
"WNF",3,"Hay","C","9/21/2017","9/26/2017",3.32,3.32,3320,1494
"WNF",3,"Hay","C","9/28/2017","10/3/2017",1.64,1.64,1640,738
"WNF",3,"Hay","C","10/5/2017","",NA,1.32,1320,594
"WNF",3,"Hay","C","10/12/2017","10/25/2017",1,1,1000,450
"WNF",3,"Hay","C","10/19/2017","10/25/2017",0.66,0.66,660,297
"WNF",4,"Hay","A","5/31/2017","6/21/2017",16.44,16.44,16440,7398
"WNF",4,"Hay","A","6/7/2017","6/21/2017",19.06,19.06,19060,8577
"WNF",4,"Hay","A","6/14/2017","6/14/2017",6.92,6.92,6920,3114
"WNF",4,"Hay","A","6/21/2017","6/28/2017",18.75,18.75,18750,8437.5
"WNF",4,"Hay","A","7/5/2017","7/10/2017",3.31,3.31,3310,1489.5
"WNF",4,"Hay","A","7/12/2017","7/13/2017",7.04,7.04,7040,3168
"WNF",4,"Hay","A","7/19/2017","8/15/2017",6.32,6.32,6320,2844
"WNF",4,"Hay","A","7/26/2017","8/2/2017",1.15,1.15,1150,517.5
"WNF",4,"Hay","A","8/2/2017","8/4/2017",2.62,2.62,2620,1179
"WNF",4,"Hay","A","8/9/2017","8/10/2017",0.62,0.62,620,279
"WNF",4,"Hay","A","8/16/2017","8/18/2017",4.09,4.09,4090,1840.5
"WNF",4,"Hay","A","8/23/2017","8/30/2017",3.41,3.41,3410,1534.5
"WNF",4,"Hay","A","9/7/2017","9/14/2017",3.47,3.47,3470,1561.5
"WNF",4,"Hay","A","9/12/2017","9/18/2017",2,2,2000,900
"WNF",4,"Hay","A","9/21/2017","9/26/2017",9.21,9.21,9210,4144.5
"WNF",4,"Hay","A","9/28/2017","10/3/2017",2.61,2.61,2610,1174.5
"WNF",4,"Hay","A","10/5/2017","",NA,2.175,2175,978.75
"WNF",4,"Hay","A","10/12/2017","10/25/2017",1.74,1.74,1740,783
"WNF",4,"Hay","A","10/19/2017","10/25/2017",0.48,0.48,480,216
"WNF",4,"Hay","B","5/31/2017","6/21/2017",5.78,5.78,5780,2601
"WNF",4,"Hay","B","6/7/2017","6/21/2017",10.35,10.35,10350,4657.5
"WNF",4,"Hay","B","6/14/2017","6/14/2017",15.18,15.18,15180,6831
"WNF",4,"Hay","B","6/21/2017","6/28/2017",14.98,14.98,14980,6741
"WNF",4,"Hay","B","7/5/2017","7/10/2017",4.07,4.07,4070,1831.5
"WNF",4,"Hay","B","7/12/2017","7/13/2017",5.9,5.9,5900,2655
"WNF",4,"Hay","B","7/19/2017","8/15/2017",2.29,2.29,2290,1030.5
"WNF",4,"Hay","B","7/26/2017","8/2/2017",0.63,0.63,630,283.5
"WNF",4,"Hay","B","8/2/2017","8/4/2017",1.89,1.89,1890,850.5
"WNF",4,"Hay","B","8/9/2017","8/10/2017",1.13,1.13,1130,508.5
"WNF",4,"Hay","B","8/16/2017","8/18/2017",1.23,1.23,1230,553.5
"WNF",4,"Hay","B","8/23/2017","8/30/2017",0.86,0.86,860,387
"WNF",4,"Hay","B","9/7/2017","9/14/2017",9.17,9.17,9170,4126.5
"WNF",4,"Hay","B","9/12/2017","9/18/2017",1.48,1.48,1480,666
"WNF",4,"Hay","B","9/21/2017","9/26/2017",6.8,6.8,6800,3060
"WNF",4,"Hay","B","9/28/2017","10/3/2017",1.52,1.52,1520,684
"WNF",4,"Hay","B","10/5/2017","",NA,1.46,1460,657
"WNF",4,"Hay","B","10/12/2017","10/25/2017",1.4,1.4,1400,630
"WNF",4,"Hay","B","10/19/2017","10/25/2017",0.23,0.23,230,103.5
"WNF",4,"Hay","C","5/31/2017","6/21/2017",8.4,8.4,8400,3780
"WNF",4,"Hay","C","6/7/2017","6/14/2017",12.8,12.8,12800,5760
"WNF",4,"Hay","C","6/14/2017","6/14/2017",10.06,10.06,10060,4527
"WNF",4,"Hay","C","6/21/2017","6/28/2017",12.79,12.79,12790,5755.5
"WNF",4,"Hay","C","7/5/2017","7/10/2017",2.35,2.35,2350,1057.5
"WNF",4,"Hay","C","7/12/2017","7/13/2017",3.56,3.56,3560,1602
"WNF",4,"Hay","C","7/19/2017","8/15/2017",6.43,6.43,6430,2893.5
"WNF",4,"Hay","C","7/26/2017","8/2/2017",1.37,1.37,1370,616.5
"WNF",4,"Hay","C","8/2/2017","8/4/2017",1.51,1.51,1510,679.5
"WNF",4,"Hay","C","8/9/2017","8/10/2017",1.19,1.19,1190,535.5
"WNF",4,"Hay","C","8/16/2017","8/18/2017",2.01,2.01,2010,904.5
"WNF",4,"Hay","C","8/23/2017","8/30/2017",6.01,6.01,6010,2704.5
"WNF",4,"Hay","C","9/7/2017","9/14/2017",8.75,8.75,8750,3937.5
"WNF",4,"Hay","C","9/12/2017","9/18/2017",6.54,6.54,6540,2943
"WNF",4,"Hay","C","9/21/2017","9/26/2017",13.3,13.3,13300,5985
"WNF",4,"Hay","C","9/28/2017","10/3/2017",2.4,2.4,2400,1080
"WNF",4,"Hay","C","10/5/2017","",NA,1.735,1735,780.75
"WNF",4,"Hay","C","10/12/2017","10/25/2017",1.07,1.07,1070,481.5
"WNF",4,"Hay","C","10/19/2017","10/25/2017",0.52,0.52,520,234
